1313	1313	3447938	0.033621	3447938	0.033621
1488	1488	4428288	0.276048	980350	0.242426
1351	1351	3650402	0.033621	-777886	-0.242426
1328	1328	3527168	0.007078	-123234	-0.026543
1316	1316	3463712	0.028313	-63456	0.021234
1336	1336	3569792	0.007078	106080	-0.021234
1316	1316	3463712	0.028313	-106080	0.021234
1356	1356	3677472	0.042469	213760	0.014156
1336	1336	3569792	0.007078	-107680	-0.035391
1337	1337	3575138	0.008848	5346	0.001770
1325	1325	3511250	0.012387	-63888	0.003539
1319	1319	3479522	0.023004	-31728	0.010617
1322	1322	3495368	0.017695	15846	-0.005309
1313	1313	3447938	0.033621	-47430	0.015926
1314	1314	3453192	0.031852	5254	-0.001770
1333	1333	3553778	0.001770	100586	-0.030082
1330	1330	3537800	0.003539	-15978	0.001770
1318	1318	3474248	0.024774	-63552	0.021234
1332	1332	3548448	0.000000	74200	-0.024774
1317	1317	3468978	0.026543	-79470	0.026543
1327	1327	3521858	0.008848	52880	-0.017695
1328	1328	3527168	0.007078	5310	-0.001770
1332	1332	3548448	0.000000	21280	-0.007078
1364	1364	3720992	0.056625	172544	0.056625
1330	1330	3537800	0.003539	-183192	-0.053086
1329	1329	3532482	0.005309	-5318	0.001770
1315	1315	3458450	0.030082	-74032	0.024774
1373	1373	3770258	0.072551	311808	0.042469
1329	1329	3532482	0.005309	-237776	-0.067242
1341	1341	3596562	0.015926	64080	0.010617
1335	1335	3564450	0.005309	-32112	-0.010617
1362	1362	3710088	0.053086	145638	0.047777
1338	1338	3580488	0.010617	-129600	-0.042469
1314	1314	3453192	0.031852	-127296	0.021234
1336	1336	3569792	0.007078	116600	-0.024774
1337	1337	3575138	0.008848	5346	0.001770
1333	1333	3553778	0.001770	-21360	-0.007078
1349	1349	3639602	0.030082	85824	0.028313
1331	1331	3543122	0.001770	-96480	-0.028313
1327	1327	3521858	0.008848	-21264	0.007078
1330	1330	3537800	0.003539	15942	-0.005309
1335	1335	3564450	0.005309	26650	0.001770
1368	1368	3742848	0.063703	178398	0.058395
1330	1330	3537800	0.003539	-205048	-0.060164
1348	1348	3634208	0.028313	96408	0.024774
1330	1330	3537800	0.003539	-96408	-0.024774
1364	1364	3720992	0.056625	183192	0.053086
1337	1337	3575138	0.008848	-145854	-0.047777
1331	1331	3543122	0.001770	-32016	-0.007078
1334	1334	3559112	0.003539	15990	0.001770
1317	1317	3468978	0.026543	-90134	0.023004
1331	1331	3543122	0.001770	74144	-0.024774
1341	1341	3596562	0.015926	53440	0.014156
1335	1335	3564450	0.005309	-32112	-0.010617
1336	1336	3569792	0.007078	5342	0.001770
1346	1346	3623432	0.024774	53640	0.017695
1329	1329	3532482	0.005309	-90950	-0.019465
1344	1344	3612672	0.021234	80190	0.015926
1349	1349	3639602	0.030082	26930	0.008848
1329	1329	3532482	0.005309	-107120	-0.024774
1324	1324	3505952	0.014156	-26530	0.008848
1331	1331	3543122	0.001770	37170	-0.012387
1347	1347	3628818	0.026543	85696	0.024774
1333	1333	3553778	0.001770	-75040	-0.024774
1372	1372	3764768	0.070781	210990	0.069012
1333	1333	3553778	0.001770	-210990	-0.069012
1327	1327	3521858	0.008848	-31920	0.007078
1329	1329	3532482	0.005309	10624	-0.003539
1314	1314	3453192	0.031852	-79290	0.026543
1331	1331	3543122	0.001770	89930	-0.030082
1347	1347	3628818	0.026543	85696	0.024774
1335	1335	3564450	0.005309	-64368	-0.021234
1368	1368	3742848	0.063703	178398	0.058395
1329	1329	3532482	0.005309	-210366	-0.058395
1330	1330	3537800	0.003539	5318	-0.001770
1353	1353	3661218	0.037160	123418	0.033621
1363	1363	3715538	0.054856	54320	0.017695
1330	1330	3537800	0.003539	-177738	-0.051317
1331	1331	3543122	0.001770	5322	-0.001770
1336	1336	3569792	0.007078	26670	0.005309
1369	1369	3748322	0.065473	178530	0.058395
1328	1328	3527168	0.007078	-221154	-0.058395
1332	1332	3548448	0.000000	21280	-0.007078
1350	1350	3645000	0.031852	96552	0.031852
1332	1332	3548448	0.000000	-96552	-0.031852
1310	1310	3432200	0.038930	-116248	0.038930
1335	1335	3564450	0.005309	132250	-0.033621
1336	1336	3569792	0.007078	5342	0.001770
1330	1330	3537800	0.003539	-31992	-0.003539
1364	1364	3720992	0.056625	183192	0.053086
1336	1336	3569792	0.007078	-151200	-0.049547
1333	1333	3553778	0.001770	-16014	-0.005309
1351	1351	3650402	0.033621	96624	0.031852
1333	1333	3553778	0.001770	-96624	-0.031852
1317	1317	3468978	0.026543	-84800	0.024774
1326	1326	3516552	0.010617	47574	-0.015926
1341	1341	3596562	0.015926	80010	0.005309
1334	1334	3559112	0.003539	-37450	-0.012387
1361	1361	3704642	0.051317	145530	0.047777
1327	1327	3521858	0.008848	-182784	-0.042469
1339	1339	3585842	0.012387	63984	0.003539
1311	1311	3437442	0.037160	-148400	0.024774
1334	1334	3559112	0.003539	121670	-0.033621
1313	1313	3447938	0.033621	-111174	0.030082
1338	1338	3580488	0.010617	132550	-0.023004
1340	1340	3591200	0.014156	10712	0.003539
1364	1364	3720992	0.056625	129792	0.042469
1329	1329	3532482	0.005309	-188510	-0.051317
1349	1349	3639602	0.030082	107120	0.024774
1294	1294	3348872	0.067242	-290730	0.037160
1208	1208	2918528	0.219423	-430344	0.152180
1211	1211	2933042	0.214114	14514	-0.005309
1358	1358	3688328	0.046008	755286	-0.168106
1288	1288	3317888	0.077860	-370440	0.031852
1392	1392	3875328	0.106172	557440	0.028313
1344	1344	3612672	0.021234	-262656	-0.084938
1398	1398	3908808	0.116789	296136	0.095555
1303	1303	3395618	0.051317	-513190	-0.065473
1289	1289	3323042	0.076090	-72576	0.024774
1327	1327	3521858	0.008848	198816	-0.067242
1312	1312	3442688	0.035391	-79170	0.026543
1334	1334	3559112	0.003539	116424	-0.031852
1302	1302	3390408	0.053086	-168704	0.049547
1331	1331	3543122	0.001770	152714	-0.051317
1378	1378	3797768	0.081399	254646	0.079629
1343	1343	3607298	0.019465	-190470	-0.061934
1328	1328	3527168	0.007078	-80130	-0.012387
1322	1322	3495368	0.017695	-31800	0.010617
1307	1307	3416498	0.044238	-78870	0.026543
1308	1308	3421728	0.042469	5230	-0.001770
1327	1327	3521858	0.008848	100130	-0.033621
1314	1314	3453192	0.031852	-68666	0.023004
1328	1328	3527168	0.007078	73976	-0.024774
1335	1335	3564450	0.005309	37282	-0.001770
1346	1346	3623432	0.024774	58982	0.019465
1372	1372	3764768	0.070781	141336	0.046008
1335	1335	3564450	0.005309	-200318	-0.065473
1340	1340	3591200	0.014156	26750	0.008848
1340	1340	3591200	0.014156	0	0.000000
1329	1329	3532482	0.005309	-58718	-0.008848
1332	1332	3548448	0.000000	15966	-0.005309
1320	1320	3484800	0.021234	-63648	0.021234
1326	1326	3516552	0.010617	31752	-0.010617
1358	1358	3688328	0.046008	171776	0.035391
1335	1335	3564450	0.005309	-123878	-0.040699
1335	1335	3564450	0.005309	0	0.000000
1354	1354	3666632	0.038930	102182	0.033621
1340	1340	3591200	0.014156	-75432	-0.024774
1365	1365	3726450	0.058395	135250	0.044238
1335	1335	3564450	0.005309	-162000	-0.053086
1342	1342	3601928	0.017695	37478	0.012387
1326	1326	3516552	0.010617	-85376	-0.007078
1367	1367	3737378	0.061934	220826	0.051317
1334	1334	3559112	0.003539	-178266	-0.058395
1331	1331	3543122	0.001770	-15990	-0.001770
1334	1334	3559112	0.003539	15990	0.001770
1374	1374	3775752	0.074321	216640	0.070781
1332	1332	3548448	0.000000	-227304	-0.074321
1299	1299	3374802	0.058395	-173646	0.058395
1338	1338	3580488	0.010617	205686	-0.047777
1318	1318	3474248	0.024774	-106240	0.014156
1330	1330	3537800	0.003539	63552	-0.021234
1350	1350	3645000	0.031852	107200	0.028313
1371	1371	3759282	0.069012	114282	0.037160
1337	1337	3575138	0.008848	-184144	-0.060164
1337	1337	3575138	0.008848	0	0.000000
1331	1331	3543122	0.001770	-32016	-0.007078
1334	1334	3559112	0.003539	15990	0.001770
1344	1344	3612672	0.021234	53560	0.017695
1331	1331	3543122	0.001770	-69550	-0.019465
1317	1317	3468978	0.026543	-74144	0.024774
1331	1331	3543122	0.001770	74144	-0.024774
1322	1322	3495368	0.017695	-47754	0.015926
1318	1318	3474248	0.024774	-21120	0.007078
1335	1335	3564450	0.005309	90202	-0.019465
1345	1345	3618050	0.023004	53600	0.017695
1319	1319	3479522	0.023004	-138528	-0.000000
1330	1330	3537800	0.003539	58278	-0.019465
1332	1332	3548448	0.000000	10648	-0.003539
1331	1331	3543122	0.001770	-5326	0.001770
1312	1312	3442688	0.035391	-100434	0.033621
1313	1313	3447938	0.033621	5250	-0.001770
1333	1333	3553778	0.001770	105840	-0.031852
1315	1315	3458450	0.030082	-95328	0.028313
1331	1331	3543122	0.001770	84672	-0.028313
1328	1328	3527168	0.007078	-15954	0.005309
1330	1330	3537800	0.003539	10632	-0.003539
1344	1344	3612672	0.021234	74872	0.017695
1327	1327	3521858	0.008848	-90814	-0.012387
1316	1316	3463712	0.028313	-58146	0.019465
1341	1341	3596562	0.015926	132850	-0.012387
1349	1349	3639602	0.030082	43040	0.014156
1331	1331	3543122	0.001770	-96480	-0.028313
1356	1356	3677472	0.042469	134350	0.040699
1335	1335	3564450	0.005309	-113022	-0.037160
1326	1326	3516552	0.010617	-47898	0.005309
1332	1332	3548448	0.000000	31896	-0.010617
1335	1335	3564450	0.005309	16002	0.005309
1337	1337	3575138	0.008848	10688	0.003539
1333	1333	3553778	0.001770	-21360	-0.007078
1315	1315	3458450	0.030082	-95328	0.028313
1334	1334	3559112	0.003539	100662	-0.026543
1332	1332	3548448	0.000000	-10664	-0.003539
1334	1334	3559112	0.003539	10664	0.003539
1367	1367	3737378	0.061934	178266	0.058395
1331	1331	3543122	0.001770	-194256	-0.060164
1347	1347	3628818	0.026543	85696	0.024774
1320	1320	3484800	0.021234	-144018	-0.005309
1317	1317	3468978	0.026543	-15822	0.005309
1332	1332	3548448	0.000000	79470	-0.026543
1342	1342	3601928	0.017695	53480	0.017695
1332	1332	3548448	0.000000	-53480	-0.017695
1323	1323	3500658	0.015926	-47790	0.015926
1338	1338	3580488	0.010617	79830	-0.005309
1329	1329	3532482	0.005309	-48006	-0.005309
1319	1319	3479522	0.023004	-52960	0.017695
1316	1316	3463712	0.028313	-15810	0.005309
1325	1325	3511250	0.012387	47538	-0.015926
1333	1333	3553778	0.001770	42528	-0.010617
1316	1316	3463712	0.028313	-90066	0.026543
1333	1333	3553778	0.001770	90066	-0.026543
1320	1320	3484800	0.021234	-68978	0.019465
1337	1337	3575138	0.008848	90338	-0.012387
1344	1344	3612672	0.021234	37534	0.012387
1334	1334	3559112	0.003539	-53560	-0.017695
1319	1319	3479522	0.023004	-79590	0.019465
1338	1338	3580488	0.010617	100966	-0.012387
1339	1339	3585842	0.012387	5354	0.001770
1337	1337	3575138	0.008848	-10704	-0.003539
1313	1313	3447938	0.033621	-127200	0.024774
1333	1333	3553778	0.001770	105840	-0.031852
1305	1305	3406050	0.047777	-147728	0.046008
1205	1205	2904050	0.224731	-502000	0.176954
1192	1192	2841728	0.247735	-62322	0.023004
1522	1255	3891509	0.256519	1049781	0.008784
1311	1311	3437442	0.037160	-454067	-0.219358
1469	1469	4315922	0.242426	878480	0.205266
1391	1391	3869762	0.104403	-446160	-0.138024
1325	1325	3511250	0.012387	-358512	-0.092016
1318	1318	3474248	0.024774	-37002	0.012387
1283	1283	3292178	0.086707	-182070	0.061934
1303	1303	3395618	0.051317	103440	-0.035391
1336	1336	3569792	0.007078	174174	-0.044238
1337	1337	3575138	0.008848	5346	0.001770
1307	1307	3416498	0.044238	-158640	0.035391
1342	1342	3601928	0.017695	185430	-0.026543
1373	1373	3770258	0.072551	168330	0.054856
1351	1351	3650402	0.033621	-119856	-0.038930
1324	1324	3505952	0.014156	-144450	-0.019465
1352	1352	3655808	0.035391	149856	0.021234
1333	1333	3553778	0.001770	-102030	-0.033621
1321	1321	3490082	0.019465	-63696	0.017695
1337	1337	3575138	0.008848	85056	-0.010617
1349	1349	3639602	0.030082	64464	0.021234
1339	1339	3585842	0.012387	-53760	-0.017695
1318	1318	3474248	0.024774	-111594	0.012387
1345	1345	3618050	0.023004	143802	-0.001770
1312	1312	3442688	0.035391	-175362	0.012387
1331	1331	3543122	0.001770	100434	-0.033621
1313	1313	3447938	0.033621	-95184	0.031852
1335	1335	3564450	0.005309	116512	-0.028313
1308	1308	3421728	0.042469	-142722	0.037160
1345	1345	3618050	0.023004	196322	-0.019465
1326	1326	3516552	0.010617	-101498	-0.012387
1340	1340	3591200	0.014156	74648	0.003539
1321	1321	3490082	0.019465	-101118	0.005309
1364	1364	3720992	0.056625	230910	0.037160
1342	1342	3601928	0.017695	-119064	-0.038930
1343	1343	3607298	0.019465	5370	0.001770
1342	1342	3601928	0.017695	-5370	-0.001770
1363	1363	3715538	0.054856	113610	0.037160
1331	1331	3543122	0.001770	-172416	-0.053086
1332	1332	3548448	0.000000	5326	-0.001770
1341	1341	3596562	0.015926	48114	0.015926
1327	1324	3513905	0.011804	-82657	-0.004122
1322	1322	3495368	0.017695	-18537	0.005891
1313	1313	3447938	0.033621	-47430	0.015926
1330	1330	3537800	0.003539	89862	-0.030082
1325	1325	3511250	0.012387	-26550	0.008848
1364	1364	3720992	0.056625	209742	0.044238
1328	1328	3527168	0.007078	-193824	-0.049547
1355	1355	3672050	0.040699	144882	0.033621
1336	1336	3569792	0.007078	-102258	-0.033621
1325	1325	3511250	0.012387	-58542	0.005309
1327	1327	3521858	0.008848	10608	-0.003539
1339	1339	3585842	0.012387	63984	0.003539
1303	1303	3395618	0.051317	-190224	0.038930
1332	1332	3548448	0.000000	152830	-0.051317
1358	1358	3688328	0.046008	139880	0.046008
1330	1330	3537800	0.003539	-150528	-0.042469
1321	1321	3490082	0.019465	-47718	0.015926
1330	1330	3537800	0.003539	47718	-0.015926
1333	1333	3553778	0.001770	15978	-0.001770
1327	1327	3521858	0.008848	-31920	0.007078
1315	1315	3458450	0.030082	-63408	0.021234
1337	1337	3575138	0.008848	116688	-0.021234
1324	1324	3505952	0.014156	-69186	0.005309
1315	1315	3458450	0.030082	-47502	0.015926
1321	1321	3490082	0.019465	31632	-0.010617
1327	1327	3521858	0.008848	31776	-0.010617
1352	1352	3655808	0.035391	133950	0.026543
1332	1332	3548448	0.000000	-107360	-0.035391
1317	1317	3468978	0.026543	-79470	0.026543
1330	1330	3537800	0.003539	68822	-0.023004
1339	1339	3585842	0.012387	48042	0.008848
1331	1331	3543122	0.001770	-42720	-0.010617
1316	1316	3463712	0.028313	-79410	0.026543
1338	1338	3580488	0.010617	116776	-0.017695
1358	1358	3688328	0.046008	107840	0.035391
1329	1329	3532482	0.005309	-155846	-0.040699
1316	1316	3463712	0.028313	-68770	0.023004
1329	1329	3532482	0.005309	68770	-0.023004
1303	1303	3395618	0.051317	-136864	0.046008
1330	1330	3537800	0.003539	142182	-0.047777
1285	1285	3302450	0.083168	-235350	0.079629
1337	1337	3575138	0.008848	272688	-0.074321
1346	1346	3623432	0.024774	48294	0.015926
1337	1337	3575138	0.008848	-48294	-0.015926
1369	1369	3748322	0.065473	173184	0.056625
1333	1333	3553778	0.001770	-194544	-0.063703
1333	1333	3553778	0.001770	0	0.000000
1326	1326	3516552	0.010617	-37226	0.008848
1315	1315	3458450	0.030082	-58102	0.019465
1335	1335	3564450	0.005309	106000	-0.024774
1322	1322	3495368	0.017695	-69082	0.012387
1320	1320	3484800	0.021234	-10568	0.003539
1334	1334	3559112	0.003539	74312	-0.017695
1351	1351	3650402	0.033621	91290	0.030082
1333	1333	3553778	0.001770	-96624	-0.031852
1367	1367	3737378	0.061934	183600	0.060164
1328	1328	3527168	0.007078	-210210	-0.054856
1310	1310	3432200	0.038930	-94968	0.031852
1330	1330	3537800	0.003539	105600	-0.035391
1360	1360	3699200	0.049547	161400	0.046008
1341	1341	3596562	0.015926	-102638	-0.033621
1336	1336	3569792	0.007078	-26770	-0.008848
1350	1350	3645000	0.031852	75208	0.024774
1335	1335	3564450	0.005309	-80550	-0.026543
1336	1336	3569792	0.007078	5342	0.001770
1321	1321	3490082	0.019465	-79710	0.012387
1348	1348	3634208	0.028313	144126	0.008848
1328	1328	3527168	0.007078	-107040	-0.021234
1327	1327	3521858	0.008848	-5310	0.001770
1336	1336	3569792	0.007078	47934	-0.001770
1311	1311	3437442	0.037160	-132350	0.030082
1359	1359	3693762	0.047777	256320	0.010617
1333	1333	3553778	0.001770	-139984	-0.046008
1328	1328	3527168	0.007078	-26610	0.005309
1323	1323	3500658	0.015926	-26510	0.008848
1226	1226	3006152	0.187571	-494506	0.171645
1393	1393	3880898	0.107942	874746	-0.079629
1613	1613	5203538	0.497240	1322640	0.389298
1252	1252	3135008	0.141563	-2068530	-0.355677
1408	1408	3964928	0.134485	829920	-0.007078
1392	1392	3875328	0.106172	-89600	-0.028313
1337	1337	3575138	0.008848	-300190	-0.097325
1339	1339	3585842	0.012387	10704	0.003539
1302	1302	3390408	0.053086	-195434	0.040699
1317	1317	3468978	0.026543	78570	-0.026543
1344	1344	3612672	0.021234	143694	-0.005309
1335	1335	3564450	0.005309	-48222	-0.015926
1315	1315	3458450	0.030082	-106000	0.024774
1320	1320	3484800	0.021234	26350	-0.008848
1362	1362	3710088	0.053086	225288	0.031852
1348	1348	3634208	0.028313	-75880	-0.024774
1313	1313	3447938	0.033621	-186270	0.005309
1331	1331	3543122	0.001770	95184	-0.031852
1333	1333	3553778	0.001770	10656	0.000000
1295	1295	3354050	0.065473	-199728	0.063703
1337	1337	3575138	0.008848	221088	-0.056625
1336	1336	3569792	0.007078	-5346	-0.001770
1328	1328	3527168	0.007078	-42624	0.000000
1340	1340	3591200	0.014156	64032	0.007078
1342	1342	3601928	0.017695	10728	0.003539
1372	1372	3764768	0.070781	162840	0.053086
1334	1334	3559112	0.003539	-205656	-0.067242
1344	1344	3612672	0.021234	53560	0.017695
1339	1339	3585842	0.012387	-26830	-0.008848
1325	1325	3511250	0.012387	-74592	0.000000
1314	1314	3453192	0.031852	-58058	0.019465
1332	1332	3548448	0.000000	95256	-0.031852
1329	1329	3532482	0.005309	-15966	0.005309
1333	1333	3553778	0.001770	21296	-0.003539
1322	1322	3495368	0.017695	-58410	0.015926
1332	1332	3548448	0.000000	53080	-0.017695
1354	1354	3666632	0.038930	118184	0.038930
1335	1335	3564450	0.005309	-102182	-0.033621
1319	1319	3479522	0.023004	-84928	0.017695
1325	1325	3511250	0.012387	31728	-0.010617
1353	1353	3661218	0.037160	149968	0.024774
1330	1330	3537800	0.003539	-123418	-0.033621
1309	1309	3426962	0.040699	-110838	0.037160
1338	1338	3580488	0.010617	153526	-0.030082
1320	1320	3484800	0.021234	-95688	0.010617
1367	1367	3737378	0.061934	252578	0.040699
1337	1337	3575138	0.008848	-162240	-0.053086
1350	1350	3645000	0.031852	69862	0.023004
1321	1321	3490082	0.019465	-154918	-0.012387
1327	1327	3521858	0.008848	31776	-0.010617
1335	1335	3564450	0.005309	42592	-0.003539
1312	1312	3442688	0.035391	-121762	0.030082
1325	1325	3511250	0.012387	68562	-0.023004
1321	1321	3490082	0.019465	-21168	0.007078
1329	1329	3532482	0.005309	42400	-0.014156
1329	1329	3532482	0.005309	0	0.000000
1327	1327	3521858	0.008848	-10624	0.003539
1316	1316	3463712	0.028313	-58146	0.019465
1330	1330	3537800	0.003539	74088	-0.024774
1335	1335	3564450	0.005309	26650	0.001770
1332	1332	3548448	0.000000	-16002	-0.005309
1310	1310	3432200	0.038930	-116248	0.038930
1338	1338	3580488	0.010617	148288	-0.028313
1351	1351	3650402	0.033621	69914	0.023004
1335	1335	3564450	0.005309	-85952	-0.028313
1333	1333	3553778	0.001770	-10672	-0.003539
1342	1342	3601928	0.017695	48150	0.015926
1353	1353	3661218	0.037160	59290	0.019465
1338	1338	3580488	0.010617	-80730	-0.026543
1366	1366	3731912	0.060164	151424	0.049547
1333	1333	3553778	0.001770	-178134	-0.058395
1341	1341	3596562	0.015926	42784	0.014156
1341	1341	3596562	0.015926	0	0.000000
1329	1329	3532482	0.005309	-64080	-0.010617
1313	1313	3447938	0.033621	-84544	0.028313
1332	1332	3548448	0.000000	100510	-0.033621
1332	1332	3548448	0.000000	0	0.000000
1319	1319	3479522	0.023004	-68926	0.023004
1336	1336	3569792	0.007078	90270	-0.015926
1330	1330	3537800	0.003539	-31992	-0.003539
1333	1333	3553778	0.001770	15978	-0.001770
1321	1321	3490082	0.019465	-63696	0.017695
1370	1370	3753800	0.067242	263718	0.047777
1337	1337	3575138	0.008848	-178662	-0.058395
1335	1335	3564450	0.005309	-10688	-0.003539
1333	1333	3553778	0.001770	-10672	-0.003539
1316	1316	3463712	0.028313	-90066	0.026543
1335	1335	3564450	0.005309	100738	-0.023004
1354	1354	3666632	0.038930	102182	0.033621
1326	1326	3516552	0.010617	-150080	-0.028313
1367	1367	3737378	0.061934	220826	0.051317
1330	1330	3537800	0.003539	-199578	-0.058395
1337	1337	3575138	0.008848	37338	0.005309
1334	1334	3559112	0.003539	-16026	-0.005309
1304	1304	3400832	0.049547	-158280	0.046008
1334	1334	3559112	0.003539	158280	-0.046008
1316	1316	3463712	0.028313	-95400	0.024774
1331	1331	3543122	0.001770	79410	-0.026543
1327	1327	3521858	0.008848	-21264	0.007078
1328	1328	3527168	0.007078	5310	-0.001770
1348	1348	3634208	0.028313	107040	0.021234
1331	1331	3543122	0.001770	-91086	-0.026543
1312	1312	3442688	0.035391	-100434	0.033621
1335	1335	3564450	0.005309	121762	-0.030082
1307	1307	3416498	0.044238	-147952	0.038930
1336	1336	3569792	0.007078	153294	-0.037160
1315	1315	3458450	0.030082	-111342	0.023004
1337	1337	3575138	0.008848	116688	-0.021234
1319	1319	3479522	0.023004	-95616	0.014156
1370	1370	3753800	0.067242	274278	0.044238
1335	1335	3564450	0.005309	-189350	-0.061934
1360	1360	3699200	0.049547	134750	0.044238
1281	1281	3281922	0.090246	-417278	0.040699
1182	1450	3499624	0.238802	217702	0.148556
1277	1277	3261458	0.097325	-238166	-0.141478
1229	1229	3020882	0.182262	-240576	0.084938
1329	1329	3532482	0.005309	511600	-0.176954
1598	1315	4282829	0.333512	750347	0.328203
1450	1450	4205000	0.208805	-77829	-0.124707
1345	1345	3618050	0.023004	-586950	-0.185801
1293	1293	3343698	0.069012	-274352	0.046008
1305	1305	3406050	0.047777	62352	-0.021234
1340	1340	3591200	0.014156	185150	-0.033621
1328	1328	3527168	0.007078	-64032	-0.007078
1318	1318	3474248	0.024774	-52920	0.017695
1335	1335	3564450	0.005309	90202	-0.019465
1350	1350	3645000	0.031852	80550	0.026543
1365	1365	3726450	0.058395	81450	0.026543
1328	1328	3527168	0.007078	-199282	-0.051317
1337	1337	3575138	0.008848	47970	0.001770
1350	1350	3645000	0.031852	69862	0.023004
1321	1321	3490082	0.019465	-154918	-0.012387
1318	1318	3474248	0.024774	-15834	0.005309
1338	1338	3580488	0.010617	106240	-0.014156
1306	1306	3411272	0.046008	-169216	0.035391
1323	1323	3500658	0.015926	89386	-0.030082
1316	1316	3463712	0.028313	-36946	0.012387
1351	1351	3650402	0.033621	186690	0.005309
1328	1328	3527168	0.007078	-123234	-0.026543
1336	1336	3569792	0.007078	42624	0.000000
1360	1360	3699200	0.049547	129408	0.042469
1321	1321	3490082	0.019465	-209118	-0.030082
1359	1359	3693762	0.047777	203680	0.028313
1339	1339	3585842	0.012387	-107920	-0.035391
1327	1327	3521858	0.008848	-63984	-0.003539
1333	1333	3553778	0.001770	31920	-0.007078
1321	1321	3490082	0.019465	-63696	0.017695
1336	1336	3569792	0.007078	79710	-0.012387
1336	1336	3569792	0.007078	0	0.000000
1339	1333	3569810	0.008848	18	0.001770
1319	1319	3479522	0.023004	-90288	0.014156
1329	1329	3532482	0.005309	52960	-0.017695
1349	1349	3639602	0.030082	107120	0.024774
1336	1336	3569792	0.007078	-69810	-0.023004
1307	1307	3416498	0.044238	-153294	0.037160
1337	1337	3575138	0.008848	158640	-0.035391
1331	1331	3543122	0.001770	-32016	-0.007078
1315	1315	3458450	0.030082	-84672	0.028313
1335	1329	3548466	0.005309	90016	-0.024774
1345	1345	3618050	0.023004	69584	0.017695
1340	1340	3591200	0.014156	-26850	-0.008848
1351	1351	3650402	0.033621	59202	0.019465
1337	1337	3575138	0.008848	-75264	-0.024774
1326	1326	3516552	0.010617	-58586	0.001770
1323	1323	3500658	0.015926	-15894	0.005309
1349	1349	3639602	0.030082	138944	0.014156
1362	1362	3710088	0.053086	70486	0.023004
1323	1323	3500658	0.015926	-209430	-0.037160
1353	1353	3661218	0.037160	160560	0.021234
1336	1336	3569792	0.007078	-91426	-0.030082
1337	1337	3575138	0.008848	5346	0.001770
1326	1326	3516552	0.010617	-58586	0.001770
1323	1323	3500658	0.015926	-15894	0.005309
1314	1314	3453192	0.031852	-47466	0.015926
1322	1322	3495368	0.017695	42176	-0.014156
1353	1353	3661218	0.037160	165850	0.019465
1338	1338	3580488	0.010617	-80730	-0.026543
1312	1312	3442688	0.035391	-137800	0.024774
1336	1336	3569792	0.007078	127104	-0.028313
1347	1347	3628818	0.026543	59026	0.019465
1333	1333	3553778	0.001770	-75040	-0.024774
1322	1322	3495368	0.017695	-58410	0.015926
1329	1329	3532482	0.005309	37114	-0.012387
1349	1349	3639602	0.030082	107120	0.024774
1330	1330	3537800	0.003539	-101802	-0.026543
1324	1324	3505952	0.014156	-31848	0.010617
1336	1336	3569792	0.007078	63840	-0.007078
1315	1315	3458450	0.030082	-111342	0.023004
1360	1360	3699200	0.049547	240750	0.019465
1328	1328	3527168	0.007078	-172032	-0.042469
1335	1335	3564450	0.005309	37282	-0.001770
1349	1349	3639602	0.030082	75152	0.024774
1330	1330	3537800	0.003539	-101802	-0.026543
1364	1364	3720992	0.056625	183192	0.053086
1338	1338	3580488	0.010617	-140504	-0.046008
1334	1334	3559112	0.003539	-21376	-0.007078
1351	1351	3650402	0.033621	91290	0.030082
1337	1337	3575138	0.008848	-75264	-0.024774
1333	1333	3553778	0.001770	-21360	-0.007078
1330	1330	3537800	0.003539	-15978	0.001770
1334	1334	3559112	0.003539	21312	-0.000000
1329	1329	3532482	0.005309	-26630	0.001770
1332	1332	3548448	0.000000	15966	-0.005309
1317	1317	3468978	0.026543	-79470	0.026543
1331	1331	3543122	0.001770	74144	-0.024774
1335	1335	3564450	0.005309	21328	0.003539
1330	1330	3537800	0.003539	-26650	-0.001770
1348	1348	3634208	0.028313	96408	0.024774
1318	1318	3474248	0.024774	-159960	-0.003539
1315	1315	3458450	0.030082	-15798	0.005309
1331	1331	3543122	0.001770	84672	-0.028313
1338	1338	3580488	0.010617	37366	0.008848
1332	1332	3548448	0.000000	-32040	-0.010617
1372	1372	3764768	0.070781	216320	0.070781
1331	1331	3543122	0.001770	-221646	-0.069012
1336	1336	3569792	0.007078	26670	0.005309
1345	1345	3618050	0.023004	48258	0.015926
1361	1361	3704642	0.051317	86592	0.028313
1318	1318	3474248	0.024774	-230394	-0.026543
1338	1338	3580488	0.010617	106240	-0.014156
1316	1316	3463712	0.028313	-116776	0.017695
1336	1336	3569792	0.007078	106080	-0.021234
1341	1341	3596562	0.015926	26770	0.008848
1339	1339	3585842	0.012387	-10720	-0.003539
1314	1314	3453192	0.031852	-132650	0.019465
1337	1337	3575138	0.008848	121946	-0.023004
1331	1331	3543122	0.001770	-32016	-0.007078
1326	1326	3516552	0.010617	-26570	0.008848
1316	1316	3463712	0.028313	-52840	0.017695
1311	1311	3437442	0.037160	-26270	0.008848
1347	1347	3628818	0.026543	191376	-0.010617
1334	1334	3559112	0.003539	-69706	-0.023004
1334	1334	3559112	0.003539	0	0.000000
1213	1213	2942738	0.210575	-616374	0.207036
1192	1192	2841728	0.247735	-101010	0.037160
1482	1215	3672549	0.238031	830821	-0.009704
1321	1321	3490082	0.019465	-182467	-0.218566
1354	1354	3666632	0.038930	176550	0.019465
1342	1342	3601928	0.017695	-64704	-0.021234
1374	1374	3775752	0.074321	173824	0.056625
1311	1311	3437442	0.037160	-338310	-0.037160
1283	1283	3292178	0.086707	-145264	0.049547
1294	1294	3348872	0.067242	56694	-0.019465
1331	1331	3543122	0.001770	194250	-0.065473
1348	1348	3634208	0.028313	91086	0.026543
1297	1296	3361825	0.062825	-272383	0.034512
1322	1322	3495368	0.017695	133543	-0.045129
1357	1357	3682898	0.044238	187530	0.026543
1353	1353	3661218	0.037160	-21680	-0.007078
1323	1323	3500658	0.015926	-160560	-0.021234
1389	1389	3858642	0.100864	357984	0.084938
1343	1343	3607298	0.019465	-251344	-0.081399
1314	1314	3453192	0.031852	-154106	0.012387
1335	1335	3564450	0.005309	111258	-0.026543
1315	1315	3458450	0.030082	-106000	0.024774
1329	1329	3532482	0.005309	74032	-0.024774
1363	1363	3715538	0.054856	183056	0.049547
1346	1346	3623432	0.024774	-92106	-0.030082
1368	1368	3742848	0.063703	119416	0.038930
1335	1335	3564450	0.005309	-178398	-0.058395
1355	1355	3672050	0.040699	107600	0.035391
1336	1336	3569792	0.007078	-102258	-0.033621
